student_id,content,wording
000000ffffff,-1.3803714885455047,-1.2698324943117345
111111eeeeee,-1.3803714885455047,-1.2698324943117345
222222cccccc,-1.3803714885455047,-1.2698324943117345
333333dddddd,-1.3803714885455047,-1.2698324943117345
