student_id,content,wording
000000ffffff,-1.3783097807290123,-1.1671859403223463
111111eeeeee,-1.3783097807290123,-1.1671859403223463
222222cccccc,-1.3783097807290123,-1.1671859403223463
333333dddddd,-1.3783097807290123,-1.1671859403223463
